threads,amdahl_speedup
1,1.0
2,1.5915227843660946
4,2.259919815103019
8,2.8606096018843634
16,3.2990564693098356
32,3.572863645227221
