threads,label,time_ms,speedup,efficiency
0,sequential_reference,19.192339992150664,1.0,
1,1_threads,25.867120013572276,0.7419589031202776,0.7419589031202776
2,2_threads,40.79827999230474,0.4704203215373459,0.23521016076867296
4,4_threads,51.5115600079298,0.3725831636470756,0.0931457909117689
8,8_threads,60.53958002012223,0.31702136000566056,0.03962767000070757
